fold,roc_auc,pr_auc,ks
1,0.8750029330208458,0.7151697472012192,0.608233162044916
2,0.874480028626381,0.7293796439576995,0.6110042591681452
3,0.8683448772086186,0.7221787643561087,0.6113844532907913
4,0.8676077814970866,0.7215903006930059,0.6042022128468321
5,0.8708427284825472,0.7110536897805269,0.6033704443166051
