fold,roc_auc,pr_auc,ks,accur
1,0.8750029330208458,0.7151697472012192,0.608233162044916,0.8394967009360135
2,0.874480028626381,0.7293796439576995,0.6110042591681452,0.8448434622467772
3,0.8683448772086186,0.7221787643561087,0.6113844532907913,0.8483732351135667
4,0.8676077814970866,0.7215903006930059,0.6042022128468321,0.8468385512584408
5,0.8708427284825472,0.7110536897805269,0.6033704443166051,0.8449969306322898
